index_0,index_1,index_2,index_3
Definitely,ignore,everything,without thinking twice
No doubt,forget,that,as soon as possible
Clearly,blame,the situation,immediately
Probably,hide,the problems,every day
Surely,lie about,the opportunities,whenever you can
The best is,confuse,the details,just because
Always,avoid,the truth,for fun
Never,sabotage,the facts,without any reason
You should,reject,the possibilities,without regrets
You could,abandon,reality,with conviction
The solution is,ruin,the options,with a smile
Try,procrastinate on,the answers,anywhere
Consider,underestimate,the decisions,without doubt
Make sure to,insult,the advice,in public
Don't forget to,interrupt,the doubts,with pride
The secret is,destroy,the solutions,without looking back
The ideal is,deceive,the results,at all costs
The worst would be,pretend,the promises,with energy
It is essential to,run away from,the hopes,forever
It is crucial to,lose,the expectations,without limits
